kernel,D,L,launch_id,launch_kernel_name,phase,gpu_time_duration,sm_util_pct,dram_util_pct,achieved_occupancy_pct,warp_threads_per_inst,dram_bytes,flops,dram_bytes_source,flops_source,registers_per_thread,shared_mem_per_block_bytes,block_size,l1_hit_rate_pct,l2_hit_rate_pct
warp_shuffle,1,1024,0,"void phase1_scan<WarpShuffle>(const float *, const float *, float *, float *, float *, float *, int, int)",phase1,4992.0,0.16,0.18,47.75,,14464.0,17793.0,ncu,ncu,20.0,17792.0,1024.0,,
warp_shuffle,1,1024,1,"void phase2_scan_totals<WarpShuffle>(float *, float *, int)",phase2,4416.0,0.14,0.09,48.22,,5888.0,17793.0,ncu,ncu,22.0,17664.0,1024.0,,
warp_shuffle,1,1024,2,"phase3_propagate(float *, float *, const float *, const float *, int, int)",phase3,2656.0,0.03,0.07,48.36,,2944.0,0.0,ncu,ncu,16.0,1024.0,1024.0,,
blelloch,1,1024,0,"void phase1_scan<Blelloch>(const float *, const float *, float *, float *, float *, float *, int, int)",phase1,9760.0,0.25,0.1,49.29,,16000.0,9210.0,ncu,ncu,25.0,17536.0,1024.0,,
blelloch,1,1024,1,"void phase2_scan_totals<Blelloch>(float *, float *, int)",phase2,4256.0,0.1,0.06,48.23,,4096.0,3.0,ncu,ncu,20.0,17408.0,1024.0,,
blelloch,1,1024,2,"phase3_propagate(float *, float *, const float *, const float *, int, int)",phase3,2624.0,0.03,0.07,48.29,,2944.0,0.0,ncu,ncu,16.0,1024.0,1024.0,,
hillis_steele,1,1024,0,"void phase1_scan<HillisSteele>(const float *, const float *, float *, float *, float *, float *, int, int)",phase1,7008.0,0.28,0.13,48.99,,14720.0,27651.0,ncu,ncu,16.0,17536.0,1024.0,,
hillis_steele,1,1024,1,"void phase2_scan_totals<HillisSteele>(float *, float *, int)",phase2,3872.0,0.08,0.07,47.87,,3968.0,0.0,ncu,ncu,18.0,17408.0,1024.0,,
hillis_steele,1,1024,2,"phase3_propagate(float *, float *, const float *, const float *, int, int)",phase3,2752.0,0.03,0.07,48.09,,2944.0,0.0,ncu,ncu,16.0,1024.0,1024.0,,
warp_shuffle,1,2048,0,"void phase1_scan<WarpShuffle>(const float *, const float *, float *, float *, float *, float *, int, int)",phase1,4896.0,0.32,0.29,47.58,,22656.0,35586.0,ncu,ncu,20.0,17792.0,1024.0,,
warp_shuffle,1,2048,1,"void phase2_scan_totals<WarpShuffle>(float *, float *, int)",phase2,4512.0,0.14,0.08,48.23,,5760.0,17793.0,ncu,ncu,22.0,17664.0,1024.0,,
warp_shuffle,1,2048,2,"phase3_propagate(float *, float *, const float *, const float *, int, int)",phase3,3616.0,0.08,0.2,47.34,,11136.0,3072.0,ncu,ncu,16.0,1024.0,1024.0,,
blelloch,1,2048,0,"void phase1_scan<Blelloch>(const float *, const float *, float *, float *, float *, float *, int, int)",phase1,9568.0,0.5,0.16,49.3,,24192.0,18420.0,ncu,ncu,25.0,17536.0,1024.0,,
blelloch,1,2048,1,"void phase2_scan_totals<Blelloch>(float *, float *, int)",phase2,4608.0,0.12,0.06,48.35,,4096.0,12.0,ncu,ncu,20.0,17408.0,1024.0,,
blelloch,1,2048,2,"phase3_propagate(float *, float *, const float *, const float *, int, int)",phase3,3584.0,0.08,0.2,47.46,,11264.0,3072.0,ncu,ncu,16.0,1024.0,1024.0,,
hillis_steele,1,2048,0,"void phase1_scan<HillisSteele>(const float *, const float *, float *, float *, float *, float *, int, int)",phase1,6688.0,0.57,0.21,49.08,,22912.0,55302.0,ncu,ncu,16.0,17536.0,1024.0,,
hillis_steele,1,2048,1,"void phase2_scan_totals<HillisSteele>(float *, float *, int)",phase2,4224.0,0.11,0.06,48.07,,3712.0,3.0,ncu,ncu,18.0,17408.0,1024.0,,
hillis_steele,1,2048,2,"phase3_propagate(float *, float *, const float *, const float *, int, int)",phase3,3584.0,0.08,0.2,47.34,,11136.0,3072.0,ncu,ncu,16.0,1024.0,1024.0,,
warp_shuffle,1,4096,0,"void phase1_scan<WarpShuffle>(const float *, const float *, float *, float *, float *, float *, int, int)",phase1,4736.0,0.65,0.51,47.58,,39040.0,71172.0,ncu,ncu,20.0,17792.0,1024.0,,
warp_shuffle,1,4096,1,"void phase2_scan_totals<WarpShuffle>(float *, float *, int)",phase2,4416.0,0.14,0.08,48.22,,5760.0,17793.0,ncu,ncu,22.0,17664.0,1024.0,,
warp_shuffle,1,4096,2,"phase3_propagate(float *, float *, const float *, const float *, int, int)",phase3,3616.0,0.2,0.48,46.97,,27648.0,9216.0,ncu,ncu,16.0,1024.0,1024.0,,
blelloch,1,4096,0,"void phase1_scan<Blelloch>(const float *, const float *, float *, float *, float *, float *, int, int)",phase1,9856.0,0.99,0.27,49.27,,40576.0,36840.0,ncu,ncu,25.0,17536.0,1024.0,,
blelloch,1,4096,1,"void phase2_scan_totals<Blelloch>(float *, float *, int)",phase2,4928.0,0.14,0.05,48.48,,4096.0,30.0,ncu,ncu,20.0,17408.0,1024.0,,
blelloch,1,4096,2,"phase3_propagate(float *, float *, const float *, const float *, int, int)",phase3,3584.0,0.19,0.47,47.05,,27648.0,9216.0,ncu,ncu,16.0,1024.0,1024.0,,
hillis_steele,1,4096,0,"void phase1_scan<HillisSteele>(const float *, const float *, float *, float *, float *, float *, int, int)",phase1,6720.0,1.15,0.37,49.12,,39296.0,110604.0,ncu,ncu,16.0,17536.0,1024.0,,
hillis_steele,1,4096,1,"void phase2_scan_totals<HillisSteele>(float *, float *, int)",phase2,4544.0,0.12,0.05,48.29,,3712.0,15.0,ncu,ncu,18.0,17408.0,1024.0,,
hillis_steele,1,4096,2,"phase3_propagate(float *, float *, const float *, const float *, int, int)",phase3,3616.0,0.19,0.47,47.03,,27520.0,9216.0,ncu,ncu,16.0,1024.0,1024.0,,
warp_shuffle,1,8192,0,"void phase1_scan<WarpShuffle>(const float *, const float *, float *, float *, float *, float *, int, int)",phase1,4832.0,1.3,0.93,47.55,,71808.0,142344.0,ncu,ncu,20.0,17792.0,1024.0,,
warp_shuffle,1,8192,1,"void phase2_scan_totals<WarpShuffle>(float *, float *, int)",phase2,4224.0,0.15,0.09,48.12,,5760.0,17793.0,ncu,ncu,22.0,17664.0,1024.0,,
warp_shuffle,1,8192,2,"phase3_propagate(float *, float *, const float *, const float *, int, int)",phase3,3712.0,0.43,1.04,47.15,,60288.0,21504.0,ncu,ncu,16.0,1024.0,1024.0,,
blelloch,1,8192,0,"void phase1_scan<Blelloch>(const float *, const float *, float *, float *, float *, float *, int, int)",phase1,9696.0,1.96,0.48,49.28,,73344.0,73680.0,ncu,ncu,25.0,17536.0,1024.0,,
blelloch,1,8192,1,"void phase2_scan_totals<Blelloch>(float *, float *, int)",phase2,5184.0,0.16,0.05,48.61,,4096.0,66.0,ncu,ncu,20.0,17408.0,1024.0,,
blelloch,1,8192,2,"phase3_propagate(float *, float *, const float *, const float *, int, int)",phase3,3680.0,0.42,1.02,47.28,,60416.0,21504.0,ncu,ncu,16.0,1024.0,1024.0,,
hillis_steele,1,8192,0,"void phase1_scan<HillisSteele>(const float *, const float *, float *, float *, float *, float *, int, int)",phase1,7040.0,2.26,0.67,49.1,,72064.0,221208.0,ncu,ncu,16.0,17536.0,1024.0,,
hillis_steele,1,8192,1,"void phase2_scan_totals<HillisSteele>(float *, float *, int)",phase2,4640.0,0.15,0.05,48.41,,3712.0,51.0,ncu,ncu,18.0,17408.0,1024.0,,
hillis_steele,1,8192,2,"phase3_propagate(float *, float *, const float *, const float *, int, int)",phase3,3712.0,0.43,1.04,46.75,,60288.0,21504.0,ncu,ncu,16.0,1024.0,1024.0,,
warp_shuffle,1,16384,0,"void phase1_scan<WarpShuffle>(const float *, const float *, float *, float *, float *, float *, int, int)",phase1,4992.0,2.55,1.76,47.51,,137344.0,284688.0,ncu,ncu,20.0,17792.0,1024.0,,
warp_shuffle,1,16384,1,"void phase2_scan_totals<WarpShuffle>(float *, float *, int)",phase2,4768.0,0.14,0.09,48.22,,5888.0,17793.0,ncu,ncu,22.0,17664.0,1024.0,,
warp_shuffle,1,16384,2,"phase3_propagate(float *, float *, const float *, const float *, int, int)",phase3,3840.0,0.86,2.08,46.92,,125952.0,46080.0,ncu,ncu,16.0,1024.0,1024.0,,
blelloch,1,16384,0,"void phase1_scan<Blelloch>(const float *, const float *, float *, float *, float *, float *, int, int)",phase1,9600.0,3.93,0.92,49.29,,138880.0,147360.0,ncu,ncu,25.0,17536.0,1024.0,,
blelloch,1,16384,1,"void phase2_scan_totals<Blelloch>(float *, float *, int)",phase2,5696.0,0.16,0.05,48.79,,4096.0,138.0,ncu,ncu,20.0,17408.0,1024.0,,
blelloch,1,16384,2,"phase3_propagate(float *, float *, const float *, const float *, int, int)",phase3,3808.0,0.87,2.11,47.14,,125952.0,46080.0,ncu,ncu,16.0,1024.0,1024.0,,
hillis_steele,1,16384,0,"void phase1_scan<HillisSteele>(const float *, const float *, float *, float *, float *, float *, int, int)",phase1,6944.0,4.47,1.27,49.08,,137600.0,442416.0,ncu,ncu,16.0,17536.0,1024.0,,
hillis_steele,1,16384,1,"void phase2_scan_totals<HillisSteele>(float *, float *, int)",phase2,5248.0,0.14,0.04,48.63,,3840.0,147.0,ncu,ncu,18.0,17408.0,1024.0,,
hillis_steele,1,16384,2,"phase3_propagate(float *, float *, const float *, const float *, int, int)",phase3,3808.0,0.87,2.09,46.91,,125952.0,46080.0,ncu,ncu,16.0,1024.0,1024.0,,
warp_shuffle,1,32768,0,"void phase1_scan<WarpShuffle>(const float *, const float *, float *, float *, float *, float *, int, int)",phase1,5024.0,5.08,3.42,47.65,,268416.0,569376.0,ncu,ncu,20.0,17792.0,1024.0,,
warp_shuffle,1,32768,1,"void phase2_scan_totals<WarpShuffle>(float *, float *, int)",phase2,4448.0,0.14,0.09,48.61,,6016.0,17793.0,ncu,ncu,22.0,17664.0,1024.0,,
warp_shuffle,1,32768,2,"phase3_propagate(float *, float *, const float *, const float *, int, int)",phase3,3840.0,1.81,4.37,46.83,,257152.0,95232.0,ncu,ncu,16.0,1024.0,1024.0,,
blelloch,1,32768,0,"void phase1_scan<Blelloch>(const float *, const float *, float *, float *, float *, float *, int, int)",phase1,9728.0,7.78,1.77,49.29,,269952.0,294720.0,ncu,ncu,25.0,17536.0,1024.0,,
blelloch,1,32768,1,"void phase2_scan_totals<Blelloch>(float *, float *, int)",phase2,6048.0,0.17,0.04,49.15,,4224.0,282.0,ncu,ncu,20.0,17408.0,1024.0,,
blelloch,1,32768,2,"phase3_propagate(float *, float *, const float *, const float *, int, int)",phase3,3872.0,1.75,4.2,47.0,,257152.0,95232.0,ncu,ncu,16.0,1024.0,1024.0,,
hillis_steele,1,32768,0,"void phase1_scan<HillisSteele>(const float *, const float *, float *, float *, float *, float *, int, int)",phase1,6944.0,8.96,2.49,49.17,,268672.0,884832.0,ncu,ncu,16.0,17536.0,1024.0,,
hillis_steele,1,32768,1,"void phase2_scan_totals<HillisSteele>(float *, float *, int)",phase2,5312.0,0.17,0.05,48.96,,3968.0,387.0,ncu,ncu,18.0,17408.0,1024.0,,
hillis_steele,1,32768,2,"phase3_propagate(float *, float *, const float *, const float *, int, int)",phase3,3744.0,1.76,4.28,47.06,,257152.0,95232.0,ncu,ncu,16.0,1024.0,1024.0,,
warp_shuffle,1,65536,0,"void phase1_scan<WarpShuffle>(const float *, const float *, float *, float *, float *, float *, int, int)",phase1,5120.0,9.83,6.49,47.61,,530560.0,1138752.0,ncu,ncu,20.0,17792.0,1024.0,,
warp_shuffle,1,65536,1,"void phase2_scan_totals<WarpShuffle>(float *, float *, int)",phase2,4192.0,0.15,0.1,48.59,,6400.0,17793.0,ncu,ncu,22.0,17664.0,1024.0,,
warp_shuffle,1,65536,2,"phase3_propagate(float *, float *, const float *, const float *, int, int)",phase3,4064.0,3.31,7.97,46.77,,519552.0,193536.0,ncu,ncu,16.0,1024.0,1024.0,,
blelloch,1,65536,0,"void phase1_scan<Blelloch>(const float *, const float *, float *, float *, float *, float *, int, int)",phase1,10144.0,15.43,3.46,49.3,,532096.0,589440.0,ncu,ncu,25.0,17536.0,1024.0,,
blelloch,1,65536,1,"void phase2_scan_totals<Blelloch>(float *, float *, int)",phase2,6272.0,0.19,0.05,49.2,,4480.0,570.0,ncu,ncu,20.0,17408.0,1024.0,,
blelloch,1,65536,2,"phase3_propagate(float *, float *, const float *, const float *, int, int)",phase3,4064.0,3.43,8.25,46.75,,519552.0,193536.0,ncu,ncu,16.0,1024.0,1024.0,,
hillis_steele,1,65536,0,"void phase1_scan<HillisSteele>(const float *, const float *, float *, float *, float *, float *, int, int)",phase1,7200.0,17.48,4.75,49.14,,530816.0,1769664.0,ncu,ncu,16.0,17536.0,1024.0,,
hillis_steele,1,65536,1,"void phase2_scan_totals<HillisSteele>(float *, float *, int)",phase2,5344.0,0.19,0.05,49.02,,4224.0,963.0,ncu,ncu,18.0,17408.0,1024.0,,
hillis_steele,1,65536,2,"phase3_propagate(float *, float *, const float *, const float *, int, int)",phase3,4000.0,3.4,8.19,47.28,,519552.0,193536.0,ncu,ncu,16.0,1024.0,1024.0,,
warp_shuffle,1,131072,0,"void phase1_scan<WarpShuffle>(const float *, const float *, float *, float *, float *, float *, int, int)",phase1,6560.0,15.47,10.15,56.85,,1055104.0,2277504.0,ncu,ncu,20.0,17792.0,1024.0,,
warp_shuffle,1,131072,1,"void phase2_scan_totals<WarpShuffle>(float *, float *, int)",phase2,4512.0,0.14,0.1,48.64,,6784.0,17793.0,ncu,ncu,22.0,17664.0,1024.0,,
warp_shuffle,1,131072,2,"phase3_propagate(float *, float *, const float *, const float *, int, int)",phase3,4864.0,5.78,13.68,54.74,,1044352.0,390144.0,ncu,ncu,16.0,1024.0,1024.0,,
blelloch,1,131072,0,"void phase1_scan<Blelloch>(const float *, const float *, float *, float *, float *, float *, int, int)",phase1,15456.0,20.21,4.49,58.96,,1056768.0,1178880.0,ncu,ncu,25.0,17536.0,1024.0,,
blelloch,1,131072,1,"void phase2_scan_totals<Blelloch>(float *, float *, int)",phase2,6944.0,0.19,0.05,49.27,,4992.0,1146.0,ncu,ncu,20.0,17408.0,1024.0,,
blelloch,1,131072,2,"phase3_propagate(float *, float *, const float *, const float *, int, int)",phase3,4800.0,5.77,13.82,54.31,,1044352.0,390144.0,ncu,ncu,16.0,1024.0,1024.0,,
hillis_steele,1,131072,0,"void phase1_scan<HillisSteele>(const float *, const float *, float *, float *, float *, float *, int, int)",phase1,10016.0,25.08,6.79,58.1,,1055232.0,3539328.0,ncu,ncu,16.0,17536.0,1024.0,,
hillis_steele,1,131072,1,"void phase2_scan_totals<HillisSteele>(float *, float *, int)",phase2,5888.0,0.2,0.05,49.09,,4736.0,2307.0,ncu,ncu,18.0,17408.0,1024.0,,
hillis_steele,1,131072,2,"phase3_propagate(float *, float *, const float *, const float *, int, int)",phase3,4960.0,5.86,13.98,54.47,,1044352.0,390144.0,ncu,ncu,16.0,1024.0,1024.0,,
warp_shuffle,16,1024,0,"void phase1_scan<WarpShuffle>(const float *, const float *, float *, float *, float *, float *, int, int)",phase1,4960.0,2.54,1.76,47.51,,137344.0,284688.0,ncu,ncu,20.0,17792.0,1024.0,,
warp_shuffle,16,1024,1,"void phase2_scan_totals<WarpShuffle>(float *, float *, int)",phase2,4160.0,2.4,0.09,48.04,,5888.0,284688.0,ncu,ncu,22.0,17664.0,1024.0,,
warp_shuffle,16,1024,2,"phase3_propagate(float *, float *, const float *, const float *, int, int)",phase3,2432.0,0.45,0.08,47.48,,2944.0,0.0,ncu,ncu,16.0,1024.0,1024.0,,
blelloch,16,1024,0,"void phase1_scan<Blelloch>(const float *, const float *, float *, float *, float *, float *, int, int)",phase1,9664.0,3.93,0.92,49.28,,138880.0,147360.0,ncu,ncu,25.0,17536.0,1024.0,,
blelloch,16,1024,1,"void phase2_scan_totals<Blelloch>(float *, float *, int)",phase2,4128.0,1.74,0.07,47.87,,4224.0,48.0,ncu,ncu,20.0,17408.0,1024.0,,
blelloch,16,1024,2,"phase3_propagate(float *, float *, const float *, const float *, int, int)",phase3,2432.0,0.43,0.07,47.48,,2944.0,0.0,ncu,ncu,16.0,1024.0,1024.0,,
hillis_steele,16,1024,0,"void phase1_scan<HillisSteele>(const float *, const float *, float *, float *, float *, float *, int, int)",phase1,6880.0,4.38,1.25,49.12,,137600.0,442416.0,ncu,ncu,16.0,17536.0,1024.0,,
hillis_steele,16,1024,1,"void phase2_scan_totals<HillisSteele>(float *, float *, int)",phase2,3584.0,1.33,0.07,47.36,,3840.0,0.0,ncu,ncu,18.0,17408.0,1024.0,,
hillis_steele,16,1024,2,"phase3_propagate(float *, float *, const float *, const float *, int, int)",phase3,2400.0,0.45,0.08,47.48,,2944.0,0.0,ncu,ncu,16.0,1024.0,1024.0,,
warp_shuffle,16,2048,0,"void phase1_scan<WarpShuffle>(const float *, const float *, float *, float *, float *, float *, int, int)",phase1,4960.0,5.06,3.41,47.63,,268416.0,569376.0,ncu,ncu,20.0,17792.0,1024.0,,
warp_shuffle,16,2048,1,"void phase2_scan_totals<WarpShuffle>(float *, float *, int)",phase2,4160.0,2.47,0.09,47.92,,6016.0,284688.0,ncu,ncu,22.0,17664.0,1024.0,,
warp_shuffle,16,2048,2,"phase3_propagate(float *, float *, const float *, const float *, int, int)",phase3,3776.0,1.23,2.31,47.15,,134272.0,49152.0,ncu,ncu,16.0,1024.0,1024.0,,
blelloch,16,2048,0,"void phase1_scan<Blelloch>(const float *, const float *, float *, float *, float *, float *, int, int)",phase1,9664.0,7.8,1.75,49.31,,269952.0,294720.0,ncu,ncu,25.0,17536.0,1024.0,,
blelloch,16,2048,1,"void phase2_scan_totals<Blelloch>(float *, float *, int)",phase2,4320.0,2.01,0.07,48.05,,5504.0,192.0,ncu,ncu,20.0,17408.0,1024.0,,
blelloch,16,2048,2,"phase3_propagate(float *, float *, const float *, const float *, int, int)",phase3,3808.0,1.23,2.29,47.37,,134272.0,49152.0,ncu,ncu,16.0,1024.0,1024.0,,
hillis_steele,16,2048,0,"void phase1_scan<HillisSteele>(const float *, const float *, float *, float *, float *, float *, int, int)",phase1,6944.0,8.89,2.47,49.13,,268672.0,884832.0,ncu,ncu,16.0,17536.0,1024.0,,
hillis_steele,16,2048,1,"void phase2_scan_totals<HillisSteele>(float *, float *, int)",phase2,3904.0,1.87,0.07,47.77,,3968.0,48.0,ncu,ncu,18.0,17408.0,1024.0,,
hillis_steele,16,2048,2,"phase3_propagate(float *, float *, const float *, const float *, int, int)",phase3,3872.0,1.2,2.23,46.89,,134272.0,49152.0,ncu,ncu,16.0,1024.0,1024.0,,
warp_shuffle,16,4096,0,"void phase1_scan<WarpShuffle>(const float *, const float *, float *, float *, float *, float *, int, int)",phase1,5184.0,9.92,6.61,47.6,,530560.0,1138752.0,ncu,ncu,20.0,17792.0,1024.0,,
warp_shuffle,16,4096,1,"void phase2_scan_totals<WarpShuffle>(float *, float *, int)",phase2,4288.0,2.37,0.1,47.98,,6272.0,284688.0,ncu,ncu,22.0,17664.0,1024.0,,
warp_shuffle,16,4096,2,"phase3_propagate(float *, float *, const float *, const float *, int, int)",phase3,3936.0,2.95,6.51,46.91,,396672.0,147456.0,ncu,ncu,16.0,1024.0,1024.0,,
blelloch,16,4096,0,"void phase1_scan<Blelloch>(const float *, const float *, float *, float *, float *, float *, int, int)",phase1,9888.0,15.37,3.4,49.3,,532096.0,589440.0,ncu,ncu,25.0,17536.0,1024.0,,
blelloch,16,4096,1,"void phase2_scan_totals<Blelloch>(float *, float *, int)",phase2,4896.0,2.22,0.06,48.33,,4480.0,480.0,ncu,ncu,20.0,17408.0,1024.0,,
blelloch,16,4096,2,"phase3_propagate(float *, float *, const float *, const float *, int, int)",phase3,3936.0,2.95,6.42,47.08,,396672.0,147456.0,ncu,ncu,16.0,1024.0,1024.0,,
hillis_steele,16,4096,0,"void phase1_scan<HillisSteele>(const float *, const float *, float *, float *, float *, float *, int, int)",phase1,7136.0,17.44,4.76,49.17,,530816.0,1769664.0,ncu,ncu,16.0,17536.0,1024.0,,
hillis_steele,16,4096,1,"void phase2_scan_totals<HillisSteele>(float *, float *, int)",phase2,4416.0,2.05,0.06,48.07,,4224.0,240.0,ncu,ncu,18.0,17408.0,1024.0,,
hillis_steele,16,4096,2,"phase3_propagate(float *, float *, const float *, const float *, int, int)",phase3,3936.0,2.89,6.34,46.85,,396672.0,147456.0,ncu,ncu,16.0,1024.0,1024.0,,
warp_shuffle,16,8192,0,"void phase1_scan<WarpShuffle>(const float *, const float *, float *, float *, float *, float *, int, int)",phase1,6752.0,15.34,9.99,56.84,,1054848.0,2277504.0,ncu,ncu,20.0,17792.0,1024.0,,
warp_shuffle,16,8192,1,"void phase2_scan_totals<WarpShuffle>(float *, float *, int)",phase2,4288.0,2.38,0.1,48.02,,6784.0,284688.0,ncu,ncu,22.0,17664.0,1024.0,,
warp_shuffle,16,8192,2,"phase3_propagate(float *, float *, const float *, const float *, int, int)",phase3,4736.0,5.49,12.72,53.89,,921472.0,344064.0,ncu,ncu,16.0,1024.0,1024.0,,
blelloch,16,8192,0,"void phase1_scan<Blelloch>(const float *, const float *, float *, float *, float *, float *, int, int)",phase1,15168.0,20.22,4.5,58.96,,1056768.0,1178880.0,ncu,ncu,25.0,17536.0,1024.0,,
blelloch,16,8192,1,"void phase2_scan_totals<Blelloch>(float *, float *, int)",phase2,5248.0,2.43,0.06,48.58,,4992.0,1056.0,ncu,ncu,20.0,17408.0,1024.0,,
blelloch,16,8192,2,"phase3_propagate(float *, float *, const float *, const float *, int, int)",phase3,4768.0,5.45,12.39,53.72,,921472.0,344064.0,ncu,ncu,16.0,1024.0,1024.0,,
hillis_steele,16,8192,0,"void phase1_scan<HillisSteele>(const float *, const float *, float *, float *, float *, float *, int, int)",phase1,9920.0,25.05,6.8,58.07,,1055488.0,3539328.0,ncu,ncu,16.0,17536.0,1024.0,,
hillis_steele,16,8192,1,"void phase2_scan_totals<HillisSteele>(float *, float *, int)",phase2,4736.0,2.29,0.07,48.36,,4736.0,816.0,ncu,ncu,18.0,17408.0,1024.0,,
hillis_steele,16,8192,2,"phase3_propagate(float *, float *, const float *, const float *, int, int)",phase3,4672.0,5.39,12.49,54.07,,921472.0,344064.0,ncu,ncu,16.0,1024.0,1024.0,,
warp_shuffle,16,16384,0,"void phase1_scan<WarpShuffle>(const float *, const float *, float *, float *, float *, float *, int, int)",phase1,9248.0,22.34,14.44,84.24,,2103424.0,4555008.0,ncu,ncu,20.0,17792.0,1024.0,,
warp_shuffle,16,16384,1,"void phase2_scan_totals<WarpShuffle>(float *, float *, int)",phase2,4352.0,2.36,0.12,48.06,,7808.0,284688.0,ncu,ncu,22.0,17664.0,1024.0,,
warp_shuffle,16,16384,2,"phase3_propagate(float *, float *, const float *, const float *, int, int)",phase3,6208.0,8.44,20.5,83.61,,1971072.0,737280.0,ncu,ncu,16.0,1024.0,1024.0,,
blelloch,16,16384,0,"void phase1_scan<Blelloch>(const float *, const float *, float *, float *, float *, float *, int, int)",phase1,21088.0,28.82,6.38,85.91,,2105472.0,2357760.0,ncu,ncu,25.0,17536.0,1024.0,,
blelloch,16,16384,1,"void phase2_scan_totals<Blelloch>(float *, float *, int)",phase2,5664.0,2.69,0.07,48.68,,6016.0,2208.0,ncu,ncu,20.0,17408.0,1024.0,,
blelloch,16,16384,2,"phase3_propagate(float *, float *, const float *, const float *, int, int)",phase3,6176.0,8.45,20.78,82.8,,1971072.0,737280.0,ncu,ncu,16.0,1024.0,1024.0,,
hillis_steele,16,16384,0,"void phase1_scan<HillisSteele>(const float *, const float *, float *, float *, float *, float *, int, int)",phase1,13408.0,37.46,10.1,85.14,,2104192.0,7078656.0,ncu,ncu,16.0,17536.0,1024.0,,
hillis_steele,16,16384,1,"void phase2_scan_totals<HillisSteele>(float *, float *, int)",phase2,5120.0,2.41,0.07,48.53,,6272.0,2352.0,ncu,ncu,18.0,17408.0,1024.0,,
hillis_steele,16,16384,2,"phase3_propagate(float *, float *, const float *, const float *, int, int)",phase3,6112.0,8.43,20.32,84.02,,1971072.0,737280.0,ncu,ncu,16.0,1024.0,1024.0,,
warp_shuffle,16,32768,0,"void phase1_scan<WarpShuffle>(const float *, const float *, float *, float *, float *, float *, int, int)",phase1,12192.0,33.55,21.67,85.59,,4202752.0,9110016.0,ncu,ncu,20.0,17792.0,1024.0,,
warp_shuffle,16,32768,1,"void phase2_scan_totals<WarpShuffle>(float *, float *, int)",phase2,4448.0,2.33,0.14,48.44,,9856.0,284688.0,ncu,ncu,22.0,17664.0,1024.0,,
warp_shuffle,16,32768,2,"phase3_propagate(float *, float *, const float *, const float *, int, int)",phase3,7936.0,12.23,32.69,82.59,,4070272.0,1523712.0,ncu,ncu,16.0,1024.0,1024.0,,
blelloch,16,32768,0,"void phase1_scan<Blelloch>(const float *, const float *, float *, float *, float *, float *, int, int)",phase1,31680.0,38.48,8.45,90.6,,4204288.0,4715520.0,ncu,ncu,25.0,17536.0,1024.0,,
blelloch,16,32768,1,"void phase2_scan_totals<Blelloch>(float *, float *, int)",phase2,6144.0,2.83,0.09,49.06,,8064.0,4512.0,ncu,ncu,20.0,17408.0,1024.0,,
blelloch,16,32768,2,"phase3_propagate(float *, float *, const float *, const float *, int, int)",phase3,8256.0,12.2,32.02,82.33,,4070400.0,1523712.0,ncu,ncu,16.0,1024.0,1024.0,,
hillis_steele,16,32768,0,"void phase1_scan<HillisSteele>(const float *, const float *, float *, float *, float *, float *, int, int)",phase1,19392.0,51.67,13.97,88.66,,4202880.0,14157312.0,ncu,ncu,16.0,17536.0,1024.0,,
hillis_steele,16,32768,1,"void phase2_scan_totals<HillisSteele>(float *, float *, int)",phase2,5216.0,2.75,0.09,48.86,,7808.0,6192.0,ncu,ncu,18.0,17408.0,1024.0,,
hillis_steele,16,32768,2,"phase3_propagate(float *, float *, const float *, const float *, int, int)",phase3,8000.0,12.13,32.39,82.21,,4070272.0,1523712.0,ncu,ncu,16.0,1024.0,1024.0,,
warp_shuffle,16,65536,0,"void phase1_scan<WarpShuffle>(const float *, const float *, float *, float *, float *, float *, int, int)",phase1,19392.0,42.84,28.24,86.61,,8401664.0,18220032.0,ncu,ncu,20.0,17792.0,1024.0,,
warp_shuffle,16,65536,1,"void phase2_scan_totals<WarpShuffle>(float *, float *, int)",phase2,4384.0,2.33,0.2,48.45,,14080.0,284688.0,ncu,ncu,22.0,17664.0,1024.0,,
warp_shuffle,16,65536,2,"phase3_propagate(float *, float *, const float *, const float *, int, int)",phase3,12224.0,16.06,43.39,81.59,,8268672.0,3096576.0,ncu,ncu,16.0,1024.0,1024.0,,
blelloch,16,65536,0,"void phase1_scan<Blelloch>(const float *, const float *, float *, float *, float *, float *, int, int)",phase1,58784.0,41.91,9.19,93.52,,8403328.0,9431040.0,ncu,ncu,25.0,17536.0,1024.0,,
blelloch,16,65536,1,"void phase2_scan_totals<Blelloch>(float *, float *, int)",phase2,6368.0,3.03,0.12,49.16,,12288.0,9120.0,ncu,ncu,20.0,17408.0,1024.0,,
blelloch,16,65536,2,"phase3_propagate(float *, float *, const float *, const float *, int, int)",phase3,12512.0,15.95,43.6,81.58,,8268672.0,3096576.0,ncu,ncu,16.0,1024.0,1024.0,,
hillis_steele,16,65536,0,"void phase1_scan<HillisSteele>(const float *, const float *, float *, float *, float *, float *, int, int)",phase1,34208.0,58.55,15.83,91.66,,8404352.0,28314624.0,ncu,ncu,16.0,17536.0,1024.0,,
hillis_steele,16,65536,1,"void phase2_scan_totals<HillisSteele>(float *, float *, int)",phase2,5504.0,3.03,0.14,48.96,,12032.0,15408.0,ncu,ncu,18.0,17408.0,1024.0,,
hillis_steele,16,65536,2,"phase3_propagate(float *, float *, const float *, const float *, int, int)",phase3,12320.0,16.17,44.27,81.74,,8268672.0,3096576.0,ncu,ncu,16.0,1024.0,1024.0,,
warp_shuffle,16,131072,0,"void phase1_scan<WarpShuffle>(const float *, const float *, float *, float *, float *, float *, int, int)",phase1,33856.0,48.91,40.37,87.12,,20960384.0,36440064.0,ncu,ncu,20.0,17792.0,1024.0,,
warp_shuffle,16,131072,1,"void phase2_scan_totals<WarpShuffle>(float *, float *, int)",phase2,4416.0,2.34,0.32,48.57,,22144.0,284688.0,ncu,ncu,22.0,17664.0,1024.0,,
warp_shuffle,16,131072,2,"phase3_propagate(float *, float *, const float *, const float *, int, int)",phase3,19680.0,19.8,56.74,80.85,,16666880.0,6242304.0,ncu,ncu,16.0,1024.0,1024.0,,
blelloch,16,131072,0,"void phase1_scan<Blelloch>(const float *, const float *, float *, float *, float *, float *, int, int)",phase1,107712.0,45.71,12.77,95.05,,21027584.0,18862080.0,ncu,ncu,25.0,17536.0,1024.0,,
blelloch,16,131072,1,"void phase2_scan_totals<Blelloch>(float *, float *, int)",phase2,6880.0,3.13,0.19,49.23,,20352.0,18336.0,ncu,ncu,20.0,17408.0,1024.0,,
blelloch,16,131072,2,"phase3_propagate(float *, float *, const float *, const float *, int, int)",phase3,19680.0,19.71,56.31,80.6,,16667776.0,6242304.0,ncu,ncu,16.0,1024.0,1024.0,,
hillis_steele,16,131072,0,"void phase1_scan<HillisSteele>(const float *, const float *, float *, float *, float *, float *, int, int)",phase1,61376.0,64.86,22.03,93.36,,21031936.0,56629248.0,ncu,ncu,16.0,17536.0,1024.0,,
hillis_steele,16,131072,1,"void phase2_scan_totals<HillisSteele>(float *, float *, int)",phase2,5888.0,3.26,0.22,49.03,,20224.0,36912.0,ncu,ncu,18.0,17408.0,1024.0,,
hillis_steele,16,131072,2,"phase3_propagate(float *, float *, const float *, const float *, int, int)",phase3,19328.0,19.93,56.24,80.93,,16666624.0,6242304.0,ncu,ncu,16.0,1024.0,1024.0,,
warp_shuffle,64,1024,0,"void phase1_scan<WarpShuffle>(const float *, const float *, float *, float *, float *, float *, int, int)",phase1,5216.0,9.82,6.54,47.62,,530560.0,1138752.0,ncu,ncu,20.0,17792.0,1024.0,,
warp_shuffle,64,1024,1,"void phase2_scan_totals<WarpShuffle>(float *, float *, int)",phase2,4384.0,9.35,0.09,48.04,,6272.0,1138752.0,ncu,ncu,22.0,17664.0,1024.0,,
warp_shuffle,64,1024,2,"phase3_propagate(float *, float *, const float *, const float *, int, int)",phase3,2496.0,1.67,0.07,47.36,,2944.0,0.0,ncu,ncu,16.0,1024.0,1024.0,,
blelloch,64,1024,0,"void phase1_scan<Blelloch>(const float *, const float *, float *, float *, float *, float *, int, int)",phase1,9824.0,15.42,3.45,49.29,,532096.0,589440.0,ncu,ncu,25.0,17536.0,1024.0,,
blelloch,64,1024,1,"void phase2_scan_totals<Blelloch>(float *, float *, int)",phase2,4160.0,6.67,0.07,47.91,,4480.0,192.0,ncu,ncu,20.0,17408.0,1024.0,,
blelloch,64,1024,2,"phase3_propagate(float *, float *, const float *, const float *, int, int)",phase3,2624.0,1.76,0.07,47.37,,2944.0,0.0,ncu,ncu,16.0,1024.0,1024.0,,
hillis_steele,64,1024,0,"void phase1_scan<HillisSteele>(const float *, const float *, float *, float *, float *, float *, int, int)",phase1,7232.0,17.43,4.78,49.15,,530816.0,1769664.0,ncu,ncu,16.0,17536.0,1024.0,,
hillis_steele,64,1024,1,"void phase2_scan_totals<HillisSteele>(float *, float *, int)",phase2,3968.0,4.79,0.07,47.49,,4224.0,0.0,ncu,ncu,18.0,17408.0,1024.0,,
hillis_steele,64,1024,2,"phase3_propagate(float *, float *, const float *, const float *, int, int)",phase3,2624.0,1.75,0.07,47.35,,2944.0,0.0,ncu,ncu,16.0,1024.0,1024.0,,
warp_shuffle,64,2048,0,"void phase1_scan<WarpShuffle>(const float *, const float *, float *, float *, float *, float *, int, int)",phase1,6912.0,15.17,9.99,56.89,,1054848.0,2277504.0,ncu,ncu,20.0,17792.0,1024.0,,
warp_shuffle,64,2048,1,"void phase2_scan_totals<WarpShuffle>(float *, float *, int)",phase2,4256.0,9.72,0.1,48.01,,6784.0,1138752.0,ncu,ncu,22.0,17664.0,1024.0,,
warp_shuffle,64,2048,2,"phase3_propagate(float *, float *, const float *, const float *, int, int)",phase3,4416.0,4.25,7.86,54.94,,528256.0,196608.0,ncu,ncu,16.0,1024.0,1024.0,,
blelloch,64,2048,0,"void phase1_scan<Blelloch>(const float *, const float *, float *, float *, float *, float *, int, int)",phase1,15232.0,20.08,4.47,58.97,,1056640.0,1178880.0,ncu,ncu,25.0,17536.0,1024.0,,
blelloch,64,2048,1,"void phase2_scan_totals<Blelloch>(float *, float *, int)",phase2,4384.0,7.92,0.07,48.06,,4992.0,768.0,ncu,ncu,20.0,17408.0,1024.0,,
blelloch,64,2048,2,"phase3_propagate(float *, float *, const float *, const float *, int, int)",phase3,4480.0,4.27,7.9,55.04,,528256.0,196608.0,ncu,ncu,16.0,1024.0,1024.0,,
hillis_steele,64,2048,0,"void phase1_scan<HillisSteele>(const float *, const float *, float *, float *, float *, float *, int, int)",phase1,9952.0,25.24,6.78,58.09,,1055360.0,3539328.0,ncu,ncu,16.0,17536.0,1024.0,,
hillis_steele,64,2048,1,"void phase2_scan_totals<HillisSteele>(float *, float *, int)",phase2,4000.0,7.28,0.08,47.7,,4736.0,192.0,ncu,ncu,18.0,17408.0,1024.0,,
hillis_steele,64,2048,2,"phase3_propagate(float *, float *, const float *, const float *, int, int)",phase3,4320.0,4.25,7.84,55.07,,528256.0,196608.0,ncu,ncu,16.0,1024.0,1024.0,,
warp_shuffle,64,4096,0,"void phase1_scan<WarpShuffle>(const float *, const float *, float *, float *, float *, float *, int, int)",phase1,9088.0,22.05,14.45,84.14,,2103424.0,4555008.0,ncu,ncu,20.0,17792.0,1024.0,,
warp_shuffle,64,4096,1,"void phase2_scan_totals<WarpShuffle>(float *, float *, int)",phase2,4288.0,9.26,0.11,47.91,,7808.0,1138752.0,ncu,ncu,22.0,17664.0,1024.0,,
warp_shuffle,64,4096,2,"phase3_propagate(float *, float *, const float *, const float *, int, int)",phase3,5152.0,8.46,18.88,79.34,,1577856.0,589824.0,ncu,ncu,16.0,1024.0,1024.0,,
blelloch,64,4096,0,"void phase1_scan<Blelloch>(const float *, const float *, float *, float *, float *, float *, int, int)",phase1,21280.0,28.81,6.39,85.93,,2105856.0,2357760.0,ncu,ncu,25.0,17536.0,1024.0,,
blelloch,64,4096,1,"void phase2_scan_totals<Blelloch>(float *, float *, int)",phase2,4768.0,8.83,0.08,48.31,,6016.0,1920.0,ncu,ncu,20.0,17408.0,1024.0,,
blelloch,64,4096,2,"phase3_propagate(float *, float *, const float *, const float *, int, int)",phase3,5280.0,8.45,19.03,79.29,,1577856.0,589824.0,ncu,ncu,16.0,1024.0,1024.0,,
hillis_steele,64,4096,0,"void phase1_scan<HillisSteele>(const float *, const float *, float *, float *, float *, float *, int, int)",phase1,13568.0,36.9,9.86,85.17,,2104064.0,7078656.0,ncu,ncu,16.0,17536.0,1024.0,,
hillis_steele,64,4096,1,"void phase2_scan_totals<HillisSteele>(float *, float *, int)",phase2,4544.0,8.32,0.08,48.02,,5888.0,960.0,ncu,ncu,18.0,17408.0,1024.0,,
hillis_steele,64,4096,2,"phase3_propagate(float *, float *, const float *, const float *, int, int)",phase3,5280.0,8.42,18.69,79.57,,1577856.0,589824.0,ncu,ncu,16.0,1024.0,1024.0,,
warp_shuffle,64,8192,0,"void phase1_scan<WarpShuffle>(const float *, const float *, float *, float *, float *, float *, int, int)",phase1,12160.0,34.21,22.34,85.58,,4202752.0,9110016.0,ncu,ncu,20.0,17792.0,1024.0,,
warp_shuffle,64,8192,1,"void phase2_scan_totals<WarpShuffle>(float *, float *, int)",phase2,4384.0,9.32,0.15,48.0,,9856.0,1138752.0,ncu,ncu,22.0,17664.0,1024.0,,
warp_shuffle,64,8192,2,"phase3_propagate(float *, float *, const float *, const float *, int, int)",phase3,7680.0,11.95,30.79,81.52,,3677056.0,1376256.0,ncu,ncu,16.0,1024.0,1024.0,,
blelloch,64,8192,0,"void phase1_scan<Blelloch>(const float *, const float *, float *, float *, float *, float *, int, int)",phase1,31840.0,38.23,8.46,90.54,,4204160.0,4715520.0,ncu,ncu,25.0,17536.0,1024.0,,
blelloch,64,8192,1,"void phase2_scan_totals<Blelloch>(float *, float *, int)",phase2,5344.0,9.41,0.09,48.53,,8064.0,4224.0,ncu,ncu,20.0,17408.0,1024.0,,
blelloch,64,8192,2,"phase3_propagate(float *, float *, const float *, const float *, int, int)",phase3,7616.0,12.24,31.57,81.72,,3677056.0,1376256.0,ncu,ncu,16.0,1024.0,1024.0,,
hillis_steele,64,8192,0,"void phase1_scan<HillisSteele>(const float *, const float *, float *, float *, float *, float *, int, int)",phase1,19520.0,51.62,13.8,88.64,,4202880.0,14157312.0,ncu,ncu,16.0,17536.0,1024.0,,
hillis_steele,64,8192,1,"void phase2_scan_totals<HillisSteele>(float *, float *, int)",phase2,4992.0,8.65,0.1,48.35,,7808.0,3264.0,ncu,ncu,18.0,17408.0,1024.0,,
hillis_steele,64,8192,2,"phase3_propagate(float *, float *, const float *, const float *, int, int)",phase3,7456.0,12.33,31.39,81.95,,3677056.0,1376256.0,ncu,ncu,16.0,1024.0,1024.0,,
warp_shuffle,64,16384,0,"void phase1_scan<WarpShuffle>(const float *, const float *, float *, float *, float *, float *, int, int)",phase1,19424.0,43.16,27.86,86.58,,8403968.0,18220032.0,ncu,ncu,20.0,17792.0,1024.0,,
warp_shuffle,64,16384,1,"void phase2_scan_totals<WarpShuffle>(float *, float *, int)",phase2,4480.0,9.22,0.2,48.02,,14080.0,1138752.0,ncu,ncu,22.0,17664.0,1024.0,,
warp_shuffle,64,16384,2,"phase3_propagate(float *, float *, const float *, const float *, int, int)",phase3,11808.0,15.83,42.61,81.2,,7875456.0,2949120.0,ncu,ncu,16.0,1024.0,1024.0,,
blelloch,64,16384,0,"void phase1_scan<Blelloch>(const float *, const float *, float *, float *, float *, float *, int, int)",phase1,58688.0,41.81,9.25,93.5,,8404736.0,9431040.0,ncu,ncu,25.0,17536.0,1024.0,,
blelloch,64,16384,1,"void phase2_scan_totals<Blelloch>(float *, float *, int)",phase2,5664.0,10.58,0.14,48.69,,12288.0,8832.0,ncu,ncu,20.0,17408.0,1024.0,,
blelloch,64,16384,2,"phase3_propagate(float *, float *, const float *, const float *, int, int)",phase3,11904.0,15.84,43.07,81.19,,7875584.0,2949120.0,ncu,ncu,16.0,1024.0,1024.0,,
hillis_steele,64,16384,0,"void phase1_scan<HillisSteele>(const float *, const float *, float *, float *, float *, float *, int, int)",phase1,34080.0,57.88,15.67,91.68,,8402048.0,28314624.0,ncu,ncu,16.0,17536.0,1024.0,,
hillis_steele,64,16384,1,"void phase2_scan_totals<HillisSteele>(float *, float *, int)",phase2,5248.0,9.63,0.15,48.55,,11904.0,9408.0,ncu,ncu,18.0,17408.0,1024.0,,
hillis_steele,64,16384,2,"phase3_propagate(float *, float *, const float *, const float *, int, int)",phase3,11584.0,15.89,43.27,80.88,,7875456.0,2949120.0,ncu,ncu,16.0,1024.0,1024.0,,
warp_shuffle,64,32768,0,"void phase1_scan<WarpShuffle>(const float *, const float *, float *, float *, float *, float *, int, int)",phase1,33312.0,49.47,40.98,87.19,,20980864.0,36440064.0,ncu,ncu,20.0,17792.0,1024.0,,
warp_shuffle,64,32768,1,"void phase2_scan_totals<WarpShuffle>(float *, float *, int)",phase2,4448.0,9.15,0.32,48.49,,22144.0,1138752.0,ncu,ncu,22.0,17664.0,1024.0,,
warp_shuffle,64,32768,2,"phase3_propagate(float *, float *, const float *, const float *, int, int)",phase3,19296.0,19.93,55.85,80.61,,16273408.0,6094848.0,ncu,ncu,16.0,1024.0,1024.0,,
blelloch,64,32768,0,"void phase1_scan<Blelloch>(const float *, const float *, float *, float *, float *, float *, int, int)",phase1,106688.0,45.6,12.73,95.07,,21090048.0,18862080.0,ncu,ncu,25.0,17536.0,1024.0,,
blelloch,64,32768,1,"void phase2_scan_totals<Blelloch>(float *, float *, int)",phase2,6208.0,11.35,0.22,49.09,,20352.0,18048.0,ncu,ncu,20.0,17408.0,1024.0,,
blelloch,64,32768,2,"phase3_propagate(float *, float *, const float *, const float *, int, int)",phase3,19200.0,19.82,55.92,80.43,,16273664.0,6094848.0,ncu,ncu,16.0,1024.0,1024.0,,
hillis_steele,64,32768,0,"void phase1_scan<HillisSteele>(const float *, const float *, float *, float *, float *, float *, int, int)",phase1,61312.0,64.97,22.16,93.33,,21057280.0,56629248.0,ncu,ncu,16.0,17536.0,1024.0,,
hillis_steele,64,32768,1,"void phase2_scan_totals<HillisSteele>(float *, float *, int)",phase2,5472.0,10.68,0.24,48.89,,20096.0,24768.0,ncu,ncu,18.0,17408.0,1024.0,,
hillis_steele,64,32768,2,"phase3_propagate(float *, float *, const float *, const float *, int, int)",phase3,19232.0,20.08,56.4,80.58,,16274688.0,6094848.0,ncu,ncu,16.0,1024.0,1024.0,,
warp_shuffle,64,65536,0,"void phase1_scan<WarpShuffle>(const float *, const float *, float *, float *, float *, float *, int, int)",phase1,63392.0,51.75,55.13,88.1,,54263296.0,72880128.0,ncu,ncu,20.0,17792.0,1024.0,,
warp_shuffle,64,65536,1,"void phase2_scan_totals<WarpShuffle>(float *, float *, int)",phase2,4512.0,9.19,0.55,48.47,,38528.0,1138752.0,ncu,ncu,22.0,17664.0,1024.0,,
warp_shuffle,64,65536,2,"phase3_propagate(float *, float *, const float *, const float *, int, int)",phase3,42688.0,18.08,73.25,82.5,,46328832.0,12386304.0,ncu,ncu,16.0,1024.0,1024.0,,
blelloch,64,65536,0,"void phase1_scan<Blelloch>(const float *, const float *, float *, float *, float *, float *, int, int)",phase1,210208.0,46.79,16.76,95.92,,54396672.0,37724160.0,ncu,ncu,25.0,17536.0,1024.0,,
blelloch,64,65536,1,"void phase2_scan_totals<Blelloch>(float *, float *, int)",phase2,6464.0,11.87,0.36,49.15,,36736.0,36480.0,ncu,ncu,20.0,17408.0,1024.0,,
blelloch,64,65536,2,"phase3_propagate(float *, float *, const float *, const float *, int, int)",phase3,42656.0,18.12,73.44,82.37,,46276352.0,12386304.0,ncu,ncu,16.0,1024.0,1024.0,,
hillis_steele,64,65536,0,"void phase1_scan<HillisSteele>(const float *, const float *, float *, float *, float *, float *, int, int)",phase1,118272.0,67.27,29.57,94.27,,54369280.0,113258496.0,ncu,ncu,16.0,17536.0,1024.0,,
hillis_steele,64,65536,1,"void phase2_scan_totals<HillisSteele>(float *, float *, int)",phase2,5696.0,11.74,0.42,48.96,,36480.0,61632.0,ncu,ncu,18.0,17408.0,1024.0,,
hillis_steele,64,65536,2,"phase3_propagate(float *, float *, const float *, const float *, int, int)",phase3,42496.0,18.02,73.16,82.68,,46213888.0,12386304.0,ncu,ncu,16.0,1024.0,1024.0,,
warp_shuffle,64,131072,0,"void phase1_scan<WarpShuffle>(const float *, const float *, float *, float *, float *, float *, int, int)",phase1,121888.0,53.84,63.72,88.47,,121191424.0,145760256.0,ncu,ncu,20.0,17792.0,1024.0,,
warp_shuffle,64,131072,1,"void phase2_scan_totals<WarpShuffle>(float *, float *, int)",phase2,4480.0,9.12,1.01,48.5,,71296.0,1138752.0,ncu,ncu,22.0,17664.0,1024.0,,
warp_shuffle,64,131072,2,"phase3_propagate(float *, float *, const float *, const float *, int, int)",phase3,90784.0,16.9,81.48,84.47,,113516928.0,24969216.0,ncu,ncu,16.0,1024.0,1024.0,,
blelloch,64,131072,0,"void phase1_scan<Blelloch>(const float *, const float *, float *, float *, float *, float *, int, int)",phase1,411584.0,47.49,18.86,96.34,,121423360.0,75448320.0,ncu,ncu,25.0,17536.0,1024.0,,
blelloch,64,131072,1,"void phase2_scan_totals<Blelloch>(float *, float *, int)",phase2,6912.0,12.09,0.63,49.22,,69632.0,73344.0,ncu,ncu,20.0,17408.0,1024.0,,
blelloch,64,131072,2,"phase3_propagate(float *, float *, const float *, const float *, int, int)",phase3,91040.0,16.94,81.67,84.45,,113484672.0,24969216.0,ncu,ncu,16.0,1024.0,1024.0,,
hillis_steele,64,131072,0,"void phase1_scan<HillisSteele>(const float *, const float *, float *, float *, float *, float *, int, int)",phase1,231264.0,68.83,33.75,94.75,,121372544.0,226516992.0,ncu,ncu,16.0,17536.0,1024.0,,
hillis_steele,64,131072,1,"void phase2_scan_totals<HillisSteele>(float *, float *, int)",phase2,6048.0,12.94,0.75,49.02,,69248.0,147648.0,ncu,ncu,18.0,17408.0,1024.0,,
hillis_steele,64,131072,2,"phase3_propagate(float *, float *, const float *, const float *, int, int)",phase3,91264.0,17.02,82.06,84.64,,113548544.0,24969216.0,ncu,ncu,16.0,1024.0,1024.0,,
warp_shuffle,256,1024,0,"void phase1_scan<WarpShuffle>(const float *, const float *, float *, float *, float *, float *, int, int)",phase1,9056.0,22.45,14.62,84.23,,2103680.0,4555008.0,ncu,ncu,20.0,17792.0,1024.0,,
warp_shuffle,256,1024,1,"void phase2_scan_totals<WarpShuffle>(float *, float *, int)",phase2,6464.0,25.9,0.08,83.24,,7936.0,4555008.0,ncu,ncu,22.0,17664.0,1024.0,,
warp_shuffle,256,1024,2,"phase3_propagate(float *, float *, const float *, const float *, int, int)",phase3,2816.0,5.91,0.06,82.71,,2944.0,0.0,ncu,ncu,16.0,1024.0,1024.0,,
blelloch,256,1024,0,"void phase1_scan<Blelloch>(const float *, const float *, float *, float *, float *, float *, int, int)",phase1,21120.0,28.89,6.41,85.79,,2105728.0,2357760.0,ncu,ncu,25.0,17536.0,1024.0,,
blelloch,256,1024,1,"void phase2_scan_totals<Blelloch>(float *, float *, int)",phase2,5760.0,19.46,0.07,82.0,,6016.0,768.0,ncu,ncu,20.0,17408.0,1024.0,,
blelloch,256,1024,2,"phase3_propagate(float *, float *, const float *, const float *, int, int)",phase3,2848.0,5.92,0.07,82.73,,2944.0,0.0,ncu,ncu,16.0,1024.0,1024.0,,
hillis_steele,256,1024,0,"void phase1_scan<HillisSteele>(const float *, const float *, float *, float *, float *, float *, int, int)",phase1,13504.0,37.32,10.05,85.06,,2103680.0,7078656.0,ncu,ncu,16.0,17536.0,1024.0,,
hillis_steele,256,1024,1,"void phase2_scan_totals<HillisSteele>(float *, float *, int)",phase2,5184.0,14.11,0.07,81.57,,5760.0,0.0,ncu,ncu,18.0,17408.0,1024.0,,
hillis_steele,256,1024,2,"phase3_propagate(float *, float *, const float *, const float *, int, int)",phase3,2880.0,5.89,0.07,82.94,,2944.0,0.0,ncu,ncu,16.0,1024.0,1024.0,,
warp_shuffle,256,2048,0,"void phase1_scan<WarpShuffle>(const float *, const float *, float *, float *, float *, float *, int, int)",phase1,12416.0,33.78,21.72,85.46,,4202752.0,9110016.0,ncu,ncu,20.0,17792.0,1024.0,,
warp_shuffle,256,2048,1,"void phase2_scan_totals<WarpShuffle>(float *, float *, int)",phase2,6336.0,25.77,0.1,82.86,,9856.0,4555008.0,ncu,ncu,22.0,17664.0,1024.0,,
warp_shuffle,256,2048,2,"phase3_propagate(float *, float *, const float *, const float *, int, int)",phase3,6144.0,10.5,21.84,75.91,,2104192.0,786432.0,ncu,ncu,16.0,1024.0,1024.0,,
blelloch,256,2048,0,"void phase1_scan<Blelloch>(const float *, const float *, float *, float *, float *, float *, int, int)",phase1,31616.0,38.56,8.45,90.56,,4204416.0,4715520.0,ncu,ncu,25.0,17536.0,1024.0,,
blelloch,256,2048,1,"void phase2_scan_totals<Blelloch>(float *, float *, int)",phase2,6784.0,20.8,0.08,83.25,,8064.0,3072.0,ncu,ncu,20.0,17408.0,1024.0,,
blelloch,256,2048,2,"phase3_propagate(float *, float *, const float *, const float *, int, int)",phase3,6016.0,10.53,21.92,75.11,,2104192.0,786432.0,ncu,ncu,16.0,1024.0,1024.0,,
hillis_steele,256,2048,0,"void phase1_scan<HillisSteele>(const float *, const float *, float *, float *, float *, float *, int, int)",phase1,19168.0,51.75,13.96,88.64,,4203008.0,14157312.0,ncu,ncu,16.0,17536.0,1024.0,,
hillis_steele,256,2048,1,"void phase2_scan_totals<HillisSteele>(float *, float *, int)",phase2,5888.0,19.64,0.09,82.05,,7808.0,768.0,ncu,ncu,18.0,17408.0,1024.0,,
hillis_steele,256,2048,2,"phase3_propagate(float *, float *, const float *, const float *, int, int)",phase3,6080.0,10.65,22.14,75.31,,2104192.0,786432.0,ncu,ncu,16.0,1024.0,1024.0,,
warp_shuffle,256,4096,0,"void phase1_scan<WarpShuffle>(const float *, const float *, float *, float *, float *, float *, int, int)",phase1,19296.0,43.41,27.95,86.65,,8407808.0,18220032.0,ncu,ncu,20.0,17792.0,1024.0,,
warp_shuffle,256,4096,1,"void phase2_scan_totals<WarpShuffle>(float *, float *, int)",phase2,6528.0,24.87,0.14,82.79,,14080.0,4555008.0,ncu,ncu,22.0,17664.0,1024.0,,
warp_shuffle,256,4096,2,"phase3_propagate(float *, float *, const float *, const float *, int, int)",phase3,10272.0,15.32,38.98,79.27,,6302592.0,2359296.0,ncu,ncu,16.0,1024.0,1024.0,,
blelloch,256,4096,0,"void phase1_scan<Blelloch>(const float *, const float *, float *, float *, float *, float *, int, int)",phase1,58272.0,41.75,9.24,93.53,,8403456.0,9431040.0,ncu,ncu,25.0,17536.0,1024.0,,
blelloch,256,4096,1,"void phase2_scan_totals<Blelloch>(float *, float *, int)",phase2,7424.0,22.83,0.11,84.3,,12288.0,7680.0,ncu,ncu,20.0,17408.0,1024.0,,
blelloch,256,4096,2,"phase3_propagate(float *, float *, const float *, const float *, int, int)",phase3,10400.0,15.09,38.86,79.1,,6302592.0,2359296.0,ncu,ncu,16.0,1024.0,1024.0,,
hillis_steele,256,4096,0,"void phase1_scan<HillisSteele>(const float *, const float *, float *, float *, float *, float *, int, int)",phase1,34112.0,58.55,15.74,91.7,,8403840.0,28314624.0,ncu,ncu,16.0,17536.0,1024.0,,
hillis_steele,256,4096,1,"void phase2_scan_totals<HillisSteele>(float *, float *, int)",phase2,6752.0,21.36,0.11,83.11,,12032.0,3840.0,ncu,ncu,18.0,17408.0,1024.0,,
hillis_steele,256,4096,2,"phase3_propagate(float *, float *, const float *, const float *, int, int)",phase3,10464.0,14.96,38.47,79.16,,6302592.0,2359296.0,ncu,ncu,16.0,1024.0,1024.0,,
warp_shuffle,256,8192,0,"void phase1_scan<WarpShuffle>(const float *, const float *, float *, float *, float *, float *, int, int)",phase1,33280.0,48.93,40.37,87.13,,20958080.0,36440064.0,ncu,ncu,20.0,17792.0,1024.0,,
warp_shuffle,256,8192,1,"void phase2_scan_totals<WarpShuffle>(float *, float *, int)",phase2,6592.0,25.07,0.22,83.13,,22272.0,4555008.0,ncu,ncu,22.0,17664.0,1024.0,,
warp_shuffle,256,8192,2,"phase3_propagate(float *, float *, const float *, const float *, int, int)",phase3,17824.0,19.74,54.25,79.5,,14701696.0,5505024.0,ncu,ncu,16.0,1024.0,1024.0,,
blelloch,256,8192,0,"void phase1_scan<Blelloch>(const float *, const float *, float *, float *, float *, float *, int, int)",phase1,106752.0,45.7,12.72,95.07,,20987008.0,18862080.0,ncu,ncu,25.0,17536.0,1024.0,,
blelloch,256,8192,1,"void phase2_scan_totals<Blelloch>(float *, float *, int)",phase2,8384.0,24.21,0.16,84.94,,20352.0,16896.0,ncu,ncu,20.0,17408.0,1024.0,,
blelloch,256,8192,2,"phase3_propagate(float *, float *, const float *, const float *, int, int)",phase3,18112.0,19.45,53.51,79.66,,14701568.0,5505024.0,ncu,ncu,16.0,1024.0,1024.0,,
hillis_steele,256,8192,0,"void phase1_scan<HillisSteele>(const float *, const float *, float *, float *, float *, float *, int, int)",phase1,61312.0,65.02,22.24,93.31,,20996736.0,56629248.0,ncu,ncu,16.0,17536.0,1024.0,,
hillis_steele,256,8192,1,"void phase2_scan_totals<HillisSteele>(float *, float *, int)",phase2,7424.0,22.5,0.17,84.4,,20224.0,13056.0,ncu,ncu,18.0,17408.0,1024.0,,
hillis_steele,256,8192,2,"phase3_propagate(float *, float *, const float *, const float *, int, int)",phase3,17824.0,19.58,53.76,79.73,,14699520.0,5505024.0,ncu,ncu,16.0,1024.0,1024.0,,
warp_shuffle,256,16384,0,"void phase1_scan<WarpShuffle>(const float *, const float *, float *, float *, float *, float *, int, int)",phase1,63360.0,51.72,55.2,88.06,,54321792.0,72880128.0,ncu,ncu,20.0,17792.0,1024.0,,
warp_shuffle,256,16384,1,"void phase2_scan_totals<WarpShuffle>(float *, float *, int)",phase2,6656.0,24.9,0.37,83.09,,38656.0,4555008.0,ncu,ncu,22.0,17664.0,1024.0,,
warp_shuffle,256,16384,2,"phase3_propagate(float *, float *, const float *, const float *, int, int)",phase3,40384.0,18.4,72.65,82.06,,43153408.0,11796480.0,ncu,ncu,16.0,1024.0,1024.0,,
blelloch,256,16384,0,"void phase1_scan<Blelloch>(const float *, const float *, float *, float *, float *, float *, int, int)",phase1,208736.0,46.78,16.78,95.91,,54398336.0,37724160.0,ncu,ncu,25.0,17536.0,1024.0,,
blelloch,256,16384,1,"void phase2_scan_totals<Blelloch>(float *, float *, int)",phase2,9376.0,25.72,0.26,85.61,,36736.0,35328.0,ncu,ncu,20.0,17408.0,1024.0,,
blelloch,256,16384,2,"phase3_propagate(float *, float *, const float *, const float *, int, int)",phase3,40224.0,18.11,71.16,81.86,,43160960.0,11796480.0,ncu,ncu,16.0,1024.0,1024.0,,
hillis_steele,256,16384,0,"void phase1_scan<HillisSteele>(const float *, const float *, float *, float *, float *, float *, int, int)",phase1,119648.0,67.29,29.33,94.28,,54369152.0,113258496.0,ncu,ncu,16.0,17536.0,1024.0,,
hillis_steele,256,16384,1,"void phase2_scan_totals<HillisSteele>(float *, float *, int)",phase2,8320.0,23.97,0.28,83.85,,36480.0,37632.0,ncu,ncu,18.0,17408.0,1024.0,,
hillis_steele,256,16384,2,"phase3_propagate(float *, float *, const float *, const float *, int, int)",phase3,40320.0,18.28,72.34,82.11,,43120896.0,11796480.0,ncu,ncu,16.0,1024.0,1024.0,,
warp_shuffle,256,32768,0,"void phase1_scan<WarpShuffle>(const float *, const float *, float *, float *, float *, float *, int, int)",phase1,121760.0,53.7,64.01,88.49,,121214592.0,145760256.0,ncu,ncu,20.0,17792.0,1024.0,,
warp_shuffle,256,32768,1,"void phase2_scan_totals<WarpShuffle>(float *, float *, int)",phase2,6720.0,24.98,0.7,83.74,,71296.0,4555008.0,ncu,ncu,22.0,17664.0,1024.0,,
warp_shuffle,256,32768,2,"phase3_propagate(float *, float *, const float *, const float *, int, int)",phase3,89120.0,17.03,81.52,84.52,,110451584.0,24379392.0,ncu,ncu,16.0,1024.0,1024.0,,
blelloch,256,32768,0,"void phase1_scan<Blelloch>(const float *, const float *, float *, float *, float *, float *, int, int)",phase1,411776.0,47.41,18.96,96.34,,121334400.0,75448320.0,ncu,ncu,25.0,17536.0,1024.0,,
blelloch,256,32768,1,"void phase2_scan_totals<Blelloch>(float *, float *, int)",phase2,9952.0,27.42,0.45,86.21,,69632.0,72192.0,ncu,ncu,20.0,17408.0,1024.0,,
blelloch,256,32768,2,"phase3_propagate(float *, float *, const float *, const float *, int, int)",phase3,88928.0,17.02,81.51,84.28,,110358784.0,24379392.0,ncu,ncu,16.0,1024.0,1024.0,,
hillis_steele,256,32768,0,"void phase1_scan<HillisSteele>(const float *, const float *, float *, float *, float *, float *, int, int)",phase1,232960.0,68.91,33.55,94.75,,121297792.0,226516992.0,ncu,ncu,16.0,17536.0,1024.0,,
hillis_steele,256,32768,1,"void phase2_scan_totals<HillisSteele>(float *, float *, int)",phase2,8384.0,27.36,0.53,84.93,,69248.0,99072.0,ncu,ncu,18.0,17408.0,1024.0,,
hillis_steele,256,32768,2,"phase3_propagate(float *, float *, const float *, const float *, int, int)",phase3,88576.0,17.04,81.07,84.43,,110376320.0,24379392.0,ncu,ncu,16.0,1024.0,1024.0,,
warp_shuffle,256,65536,0,"void phase1_scan<WarpShuffle>(const float *, const float *, float *, float *, float *, float *, int, int)",phase1,242016.0,54.06,67.86,88.85,,255438976.0,291520512.0,ncu,ncu,20.0,17792.0,1024.0,,
warp_shuffle,256,65536,1,"void phase2_scan_totals<WarpShuffle>(float *, float *, int)",phase2,6624.0,25.01,1.32,83.93,,136832.0,4555008.0,ncu,ncu,22.0,17664.0,1024.0,,
warp_shuffle,256,65536,2,"phase3_propagate(float *, float *, const float *, const float *, int, int)",phase3,186048.0,16.46,85.36,85.15,,244682624.0,49545216.0,ncu,ncu,16.0,1024.0,1024.0,,
blelloch,256,65536,0,"void phase1_scan<Blelloch>(const float *, const float *, float *, float *, float *, float *, int, int)",phase1,818240.0,47.71,20.08,96.55,,255547904.0,150896640.0,ncu,ncu,25.0,17536.0,1024.0,,
blelloch,256,65536,1,"void phase2_scan_totals<Blelloch>(float *, float *, int)",phase2,10912.0,28.17,0.8,86.03,,135168.0,145920.0,ncu,ncu,20.0,17408.0,1024.0,,
blelloch,256,65536,2,"phase3_propagate(float *, float *, const float *, const float *, int, int)",phase3,186016.0,16.46,85.38,85.22,,244668544.0,49545216.0,ncu,ncu,16.0,1024.0,1024.0,,
hillis_steele,256,65536,0,"void phase1_scan<HillisSteele>(const float *, const float *, float *, float *, float *, float *, int, int)",phase1,457984.0,69.36,35.82,94.99,,255452928.0,453033984.0,ncu,ncu,16.0,17536.0,1024.0,,
hillis_steele,256,65536,1,"void phase2_scan_totals<HillisSteele>(float *, float *, int)",phase2,9248.0,29.04,0.96,85.36,,134784.0,246528.0,ncu,ncu,18.0,17408.0,1024.0,,
hillis_steele,256,65536,2,"phase3_propagate(float *, float *, const float *, const float *, int, int)",phase3,186272.0,16.45,85.36,85.2,,244624768.0,49545216.0,ncu,ncu,16.0,1024.0,1024.0,,
warp_shuffle,256,131072,0,"void phase1_scan<WarpShuffle>(const float *, const float *, float *, float *, float *, float *, int, int)",phase1,475488.0,55.05,70.94,88.85,,524158720.0,583041024.0,ncu,ncu,20.0,17792.0,1024.0,,
warp_shuffle,256,131072,1,"void phase2_scan_totals<WarpShuffle>(float *, float *, int)",phase2,7040.0,24.23,3.15,84.09,,268032.0,4555008.0,ncu,ncu,22.0,17664.0,1024.0,,
warp_shuffle,256,131072,2,"phase3_propagate(float *, float *, const float *, const float *, int, int)",phase3,392160.0,15.72,87.28,85.58,,513114112.0,99876864.0,ncu,ncu,16.0,1024.0,1024.0,,
blelloch,256,131072,0,"void phase1_scan<Blelloch>(const float *, const float *, float *, float *, float *, float *, int, int)",phase1,1624448.0,48.08,20.77,96.66,,524307456.0,301793280.0,ncu,ncu,25.0,17536.0,1024.0,,
blelloch,256,131072,1,"void phase2_scan_totals<Blelloch>(float *, float *, int)",phase2,12128.0,27.98,1.91,85.76,,266112.0,293376.0,ncu,ncu,20.0,17408.0,1024.0,,
blelloch,256,131072,2,"phase3_propagate(float *, float *, const float *, const float *, int, int)",phase3,392480.0,15.71,87.18,85.71,,513085568.0,99876864.0,ncu,ncu,16.0,1024.0,1024.0,,
hillis_steele,256,131072,0,"void phase1_scan<HillisSteele>(const float *, const float *, float *, float *, float *, float *, int, int)",phase1,906176.0,70.11,37.17,95.1,,524302080.0,906067968.0,ncu,ncu,16.0,17536.0,1024.0,,
hillis_steele,256,131072,1,"void phase2_scan_totals<HillisSteele>(float *, float *, int)",phase2,9952.0,30.69,2.4,84.96,,265856.0,590592.0,ncu,ncu,18.0,17408.0,1024.0,,
hillis_steele,256,131072,2,"phase3_propagate(float *, float *, const float *, const float *, int, int)",phase3,393440.0,15.68,87.05,85.64,,513027328.0,99876864.0,ncu,ncu,16.0,1024.0,1024.0,,
warp_shuffle,512,1024,0,"void phase1_scan<WarpShuffle>(const float *, const float *, float *, float *, float *, float *, int, int)",phase1,12320.0,33.88,21.94,85.69,,4202752.0,9110016.0,ncu,ncu,20.0,17792.0,1024.0,,
warp_shuffle,512,1024,1,"void phase2_scan_totals<WarpShuffle>(float *, float *, int)",phase2,8640.0,38.09,0.07,82.95,,9856.0,9110016.0,ncu,ncu,22.0,17664.0,1024.0,,
warp_shuffle,512,1024,2,"phase3_propagate(float *, float *, const float *, const float *, int, int)",phase3,3296.0,8.74,0.06,76.11,,2944.0,0.0,ncu,ncu,16.0,1024.0,1024.0,,
blelloch,512,1024,0,"void phase1_scan<Blelloch>(const float *, const float *, float *, float *, float *, float *, int, int)",phase1,31808.0,38.53,8.51,90.52,,4204288.0,4715520.0,ncu,ncu,25.0,17536.0,1024.0,,
blelloch,512,1024,1,"void phase2_scan_totals<Blelloch>(float *, float *, int)",phase2,7904.0,28.74,0.08,82.37,,8064.0,1536.0,ncu,ncu,20.0,17408.0,1024.0,,
blelloch,512,1024,2,"phase3_propagate(float *, float *, const float *, const float *, int, int)",phase3,3264.0,8.79,0.06,76.08,,2944.0,0.0,ncu,ncu,16.0,1024.0,1024.0,,
hillis_steele,512,1024,0,"void phase1_scan<HillisSteele>(const float *, const float *, float *, float *, float *, float *, int, int)",phase1,19296.0,51.59,13.92,88.65,,4203136.0,14157312.0,ncu,ncu,16.0,17536.0,1024.0,,
hillis_steele,512,1024,1,"void phase2_scan_totals<HillisSteele>(float *, float *, int)",phase2,6784.0,20.93,0.08,80.87,,7808.0,0.0,ncu,ncu,18.0,17408.0,1024.0,,
hillis_steele,512,1024,2,"phase3_propagate(float *, float *, const float *, const float *, int, int)",phase3,3264.0,8.77,0.06,76.93,,2944.0,0.0,ncu,ncu,16.0,1024.0,1024.0,,
warp_shuffle,512,2048,0,"void phase1_scan<WarpShuffle>(const float *, const float *, float *, float *, float *, float *, int, int)",phase1,19136.0,42.79,27.68,86.58,,8401536.0,18220032.0,ncu,ncu,20.0,17792.0,1024.0,,
warp_shuffle,512,2048,1,"void phase2_scan_totals<WarpShuffle>(float *, float *, int)",phase2,8800.0,37.23,0.1,84.06,,13952.0,9110016.0,ncu,ncu,22.0,17664.0,1024.0,,
warp_shuffle,512,2048,2,"phase3_propagate(float *, float *, const float *, const float *, int, int)",phase3,8512.0,14.87,32.33,74.45,,4205568.0,1572864.0,ncu,ncu,16.0,1024.0,1024.0,,
blelloch,512,2048,0,"void phase1_scan<Blelloch>(const float *, const float *, float *, float *, float *, float *, int, int)",phase1,58208.0,41.87,9.26,93.5,,8404224.0,9431040.0,ncu,ncu,25.0,17536.0,1024.0,,
blelloch,512,2048,1,"void phase2_scan_totals<Blelloch>(float *, float *, int)",phase2,8864.0,30.76,0.09,82.53,,12160.0,6144.0,ncu,ncu,20.0,17408.0,1024.0,,
blelloch,512,2048,2,"phase3_propagate(float *, float *, const float *, const float *, int, int)",phase3,8416.0,14.69,32.33,74.01,,4205440.0,1572864.0,ncu,ncu,16.0,1024.0,1024.0,,
hillis_steele,512,2048,0,"void phase1_scan<HillisSteele>(const float *, const float *, float *, float *, float *, float *, int, int)",phase1,34080.0,58.6,15.72,91.67,,8404864.0,28314624.0,ncu,ncu,16.0,17536.0,1024.0,,
hillis_steele,512,2048,1,"void phase2_scan_totals<HillisSteele>(float *, float *, int)",phase2,7776.0,27.54,0.1,80.89,,11904.0,1536.0,ncu,ncu,18.0,17408.0,1024.0,,
hillis_steele,512,2048,2,"phase3_propagate(float *, float *, const float *, const float *, int, int)",phase3,8256.0,14.76,31.93,74.51,,4207232.0,1572864.0,ncu,ncu,16.0,1024.0,1024.0,,
warp_shuffle,512,4096,0,"void phase1_scan<WarpShuffle>(const float *, const float *, float *, float *, float *, float *, int, int)",phase1,33376.0,49.24,40.81,87.06,,20969728.0,36440064.0,ncu,ncu,20.0,17792.0,1024.0,,
warp_shuffle,512,4096,1,"void phase2_scan_totals<WarpShuffle>(float *, float *, int)",phase2,8832.0,37.15,0.16,82.97,,22144.0,9110016.0,ncu,ncu,22.0,17664.0,1024.0,,
warp_shuffle,512,4096,2,"phase3_propagate(float *, float *, const float *, const float *, int, int)",phase3,16192.0,18.94,50.13,78.1,,12602496.0,4718592.0,ncu,ncu,16.0,1024.0,1024.0,,
blelloch,512,4096,0,"void phase1_scan<Blelloch>(const float *, const float *, float *, float *, float *, float *, int, int)",phase1,107040.0,45.73,12.77,95.03,,21102464.0,18862080.0,ncu,ncu,25.0,17536.0,1024.0,,
blelloch,512,4096,1,"void phase2_scan_totals<Blelloch>(float *, float *, int)",phase2,10336.0,32.64,0.13,83.69,,20352.0,15360.0,ncu,ncu,20.0,17408.0,1024.0,,
blelloch,512,4096,2,"phase3_propagate(float *, float *, const float *, const float *, int, int)",phase3,16480.0,18.89,50.04,77.92,,12602752.0,4718592.0,ncu,ncu,16.0,1024.0,1024.0,,
hillis_steele,512,4096,0,"void phase1_scan<HillisSteele>(const float *, const float *, float *, float *, float *, float *, int, int)",phase1,61248.0,64.96,22.02,93.33,,20984448.0,56629248.0,ncu,ncu,16.0,17536.0,1024.0,,
hillis_steele,512,4096,1,"void phase2_scan_totals<HillisSteele>(float *, float *, int)",phase2,9024.0,30.81,0.14,82.67,,20096.0,7680.0,ncu,ncu,18.0,17408.0,1024.0,,
hillis_steele,512,4096,2,"phase3_propagate(float *, float *, const float *, const float *, int, int)",phase3,16352.0,19.1,50.67,78.09,,12602368.0,4718592.0,ncu,ncu,16.0,1024.0,1024.0,,
warp_shuffle,512,8192,0,"void phase1_scan<WarpShuffle>(const float *, const float *, float *, float *, float *, float *, int, int)",phase1,63232.0,51.77,55.29,88.08,,54325632.0,72880128.0,ncu,ncu,20.0,17792.0,1024.0,,
warp_shuffle,512,8192,1,"void phase2_scan_totals<WarpShuffle>(float *, float *, int)",phase2,8640.0,37.68,0.28,84.1,,38656.0,9110016.0,ncu,ncu,22.0,17664.0,1024.0,,
warp_shuffle,512,8192,2,"phase3_propagate(float *, float *, const float *, const float *, int, int)",phase3,37440.0,18.65,70.83,80.92,,38922240.0,11010048.0,ncu,ncu,16.0,1024.0,1024.0,,
blelloch,512,8192,0,"void phase1_scan<Blelloch>(const float *, const float *, float *, float *, float *, float *, int, int)",phase1,208832.0,46.79,16.76,95.9,,54368640.0,37724160.0,ncu,ncu,25.0,17536.0,1024.0,,
blelloch,512,8192,1,"void phase2_scan_totals<Blelloch>(float *, float *, int)",phase2,11616.0,34.92,0.21,84.43,,36736.0,33792.0,ncu,ncu,20.0,17408.0,1024.0,,
blelloch,512,8192,2,"phase3_propagate(float *, float *, const float *, const float *, int, int)",phase3,37440.0,18.62,70.29,80.6,,38903552.0,11010048.0,ncu,ncu,16.0,1024.0,1024.0,,
hillis_steele,512,8192,0,"void phase1_scan<HillisSteele>(const float *, const float *, float *, float *, float *, float *, int, int)",phase1,118272.0,67.26,29.54,94.28,,54339200.0,113258496.0,ncu,ncu,16.0,17536.0,1024.0,,
hillis_steele,512,8192,1,"void phase2_scan_totals<HillisSteele>(float *, float *, int)",phase2,10208.0,33.36,0.23,83.71,,36480.0,26112.0,ncu,ncu,18.0,17408.0,1024.0,,
hillis_steele,512,8192,2,"phase3_propagate(float *, float *, const float *, const float *, int, int)",phase3,37728.0,18.72,71.29,80.79,,38888192.0,11010048.0,ncu,ncu,16.0,1024.0,1024.0,,
warp_shuffle,512,16384,0,"void phase1_scan<WarpShuffle>(const float *, const float *, float *, float *, float *, float *, int, int)",phase1,121824.0,53.8,63.66,88.51,,121237376.0,145760256.0,ncu,ncu,20.0,17792.0,1024.0,,
warp_shuffle,512,16384,1,"void phase2_scan_totals<WarpShuffle>(float *, float *, int)",phase2,8704.0,37.41,0.52,83.46,,71296.0,9110016.0,ncu,ncu,22.0,17664.0,1024.0,,
warp_shuffle,512,16384,2,"phase3_propagate(float *, float *, const float *, const float *, int, int)",phase3,85600.0,17.13,81.24,84.09,,106205952.0,23592960.0,ncu,ncu,16.0,1024.0,1024.0,,
blelloch,512,16384,0,"void phase1_scan<Blelloch>(const float *, const float *, float *, float *, float *, float *, int, int)",phase1,411744.0,47.41,18.94,96.34,,121322368.0,75448320.0,ncu,ncu,25.0,17536.0,1024.0,,
blelloch,512,16384,1,"void phase2_scan_totals<Blelloch>(float *, float *, int)",phase2,12928.0,36.65,0.35,85.27,,69504.0,70656.0,ncu,ncu,20.0,17408.0,1024.0,,
blelloch,512,16384,2,"phase3_propagate(float *, float *, const float *, const float *, int, int)",phase3,85824.0,17.15,81.29,83.98,,106189696.0,23592960.0,ncu,ncu,16.0,1024.0,1024.0,,
hillis_steele,512,16384,0,"void phase1_scan<HillisSteele>(const float *, const float *, float *, float *, float *, float *, int, int)",phase1,232672.0,68.83,33.53,94.75,,121270912.0,226516992.0,ncu,ncu,16.0,17536.0,1024.0,,
hillis_steele,512,16384,1,"void phase2_scan_totals<HillisSteele>(float *, float *, int)",phase2,11136.0,34.77,0.4,85.09,,69248.0,75264.0,ncu,ncu,18.0,17408.0,1024.0,,
hillis_steele,512,16384,2,"phase3_propagate(float *, float *, const float *, const float *, int, int)",phase3,85696.0,17.15,81.33,83.92,,106095872.0,23592960.0,ncu,ncu,16.0,1024.0,1024.0,,
warp_shuffle,512,32768,0,"void phase1_scan<WarpShuffle>(const float *, const float *, float *, float *, float *, float *, int, int)",phase1,241888.0,54.1,67.92,88.85,,255393408.0,291520512.0,ncu,ncu,20.0,17792.0,1024.0,,
warp_shuffle,512,32768,1,"void phase2_scan_totals<WarpShuffle>(float *, float *, int)",phase2,9088.0,37.12,0.99,83.6,,136960.0,9110016.0,ncu,ncu,22.0,17664.0,1024.0,,
warp_shuffle,512,32768,2,"phase3_propagate(float *, float *, const float *, const float *, int, int)",phase3,183616.0,16.54,85.08,85.09,,240565504.0,48758784.0,ncu,ncu,16.0,1024.0,1024.0,,
blelloch,512,32768,0,"void phase1_scan<Blelloch>(const float *, const float *, float *, float *, float *, float *, int, int)",phase1,818304.0,47.78,19.98,96.56,,255513856.0,150896640.0,ncu,ncu,25.0,17536.0,1024.0,,
blelloch,512,32768,1,"void phase2_scan_totals<Blelloch>(float *, float *, int)",phase2,13952.0,38.23,0.62,86.48,,135168.0,144384.0,ncu,ncu,20.0,17408.0,1024.0,,
blelloch,512,32768,2,"phase3_propagate(float *, float *, const float *, const float *, int, int)",phase3,183104.0,16.47,85.15,85.07,,240543488.0,48758784.0,ncu,ncu,16.0,1024.0,1024.0,,
hillis_steele,512,32768,0,"void phase1_scan<HillisSteele>(const float *, const float *, float *, float *, float *, float *, int, int)",phase1,457888.0,69.39,35.85,94.98,,255528832.0,453033984.0,ncu,ncu,16.0,17536.0,1024.0,,
hillis_steele,512,32768,1,"void phase2_scan_totals<HillisSteele>(float *, float *, int)",phase2,11712.0,37.67,0.73,85.39,,134784.0,198144.0,ncu,ncu,18.0,17408.0,1024.0,,
hillis_steele,512,32768,2,"phase3_propagate(float *, float *, const float *, const float *, int, int)",phase3,184608.0,16.55,85.01,85.07,,240511616.0,48758784.0,ncu,ncu,16.0,1024.0,1024.0,,
warp_shuffle,512,65536,0,"void phase1_scan<WarpShuffle>(const float *, const float *, float *, float *, float *, float *, int, int)",phase1,477664.0,54.98,70.84,88.87,,524030208.0,583041024.0,ncu,ncu,20.0,17792.0,1024.0,,
warp_shuffle,512,65536,1,"void phase2_scan_totals<WarpShuffle>(float *, float *, int)",phase2,9088.0,35.94,2.37,83.32,,267904.0,9110016.0,ncu,ncu,22.0,17664.0,1024.0,,
warp_shuffle,512,65536,2,"phase3_propagate(float *, float *, const float *, const float *, int, int)",phase3,391744.0,16.19,86.52,85.55,,508928512.0,99090432.0,ncu,ncu,16.0,1024.0,1024.0,,
blelloch,512,65536,0,"void phase1_scan<Blelloch>(const float *, const float *, float *, float *, float *, float *, int, int)",phase1,1624256.0,48.12,20.65,96.66,,524312320.0,301793280.0,ncu,ncu,25.0,17536.0,1024.0,,
blelloch,512,65536,1,"void phase2_scan_totals<Blelloch>(float *, float *, int)",phase2,15392.0,39.3,1.39,86.69,,268288.0,291840.0,ncu,ncu,20.0,17408.0,1024.0,,
blelloch,512,65536,2,"phase3_propagate(float *, float *, const float *, const float *, int, int)",phase3,390560.0,15.78,86.99,85.63,,508854400.0,99090432.0,ncu,ncu,16.0,1024.0,1024.0,,
hillis_steele,512,65536,0,"void phase1_scan<HillisSteele>(const float *, const float *, float *, float *, float *, float *, int, int)",phase1,911776.0,70.21,36.98,95.1,,524242560.0,906067968.0,ncu,ncu,16.0,17536.0,1024.0,,
hillis_steele,512,65536,1,"void phase2_scan_totals<HillisSteele>(float *, float *, int)",phase2,12704.0,40.23,1.85,86.4,,265984.0,493056.0,ncu,ncu,18.0,17408.0,1024.0,,
hillis_steele,512,65536,2,"phase3_propagate(float *, float *, const float *, const float *, int, int)",phase3,389664.0,15.72,86.68,85.58,,508814208.0,99090432.0,ncu,ncu,16.0,1024.0,1024.0,,
warp_shuffle,512,131072,0,"void phase1_scan<WarpShuffle>(const float *, const float *, float *, float *, float *, float *, int, int)",phase1,952704.0,55.04,71.34,88.99,,1061088384.0,1166082048.0,ncu,ncu,20.0,17792.0,1024.0,,
warp_shuffle,512,131072,1,"void phase2_scan_totals<WarpShuffle>(float *, float *, int)",phase2,9312.0,35.19,6.32,84.2,,530048.0,9110016.0,ncu,ncu,22.0,17664.0,1024.0,,
warp_shuffle,512,131072,2,"phase3_propagate(float *, float *, const float *, const float *, int, int)",phase3,790816.0,15.63,86.87,85.81,,1045962496.0,199753728.0,ncu,ncu,16.0,1024.0,1024.0,,
blelloch,512,131072,0,"void phase1_scan<Blelloch>(const float *, const float *, float *, float *, float *, float *, int, int)",phase1,3242592.0,48.17,20.93,96.72,,1061459328.0,603586560.0,ncu,ncu,25.0,17536.0,1024.0,,
blelloch,512,131072,1,"void phase2_scan_totals<Blelloch>(float *, float *, int)",phase2,17248.0,39.25,3.52,86.83,,528256.0,586752.0,ncu,ncu,20.0,17408.0,1024.0,,
blelloch,512,131072,2,"phase3_propagate(float *, float *, const float *, const float *, int, int)",phase3,788032.0,15.71,86.75,85.82,,1046019200.0,199753728.0,ncu,ncu,16.0,1024.0,1024.0,,
hillis_steele,512,131072,0,"void phase1_scan<HillisSteele>(const float *, const float *, float *, float *, float *, float *, int, int)",phase1,1811392.0,70.2,37.66,95.17,,1061333248.0,1812135936.0,ncu,ncu,16.0,17536.0,1024.0,,
hillis_steele,512,131072,1,"void phase2_scan_totals<HillisSteele>(float *, float *, int)",phase2,13984.0,42.73,4.32,86.78,,528000.0,1181184.0,ncu,ncu,18.0,17408.0,1024.0,,
hillis_steele,512,131072,2,"phase3_propagate(float *, float *, const float *, const float *, int, int)",phase3,789920.0,15.65,86.96,85.77,,1046134400.0,199753728.0,ncu,ncu,16.0,1024.0,1024.0,,
